{
  "auc_score": 0.440004775060541,
  "confusion_matrix": [
    [
      906,
      105
    ],
    [
      28,
      1
    ]
  ],
  "classification_report": {
    "0": {
      "precision": 0.9700214132762313,
      "recall": 0.8961424332344213,
      "f1-score": 0.9316195372750643,
      "support": 1011.0
    },
    "1": {
      "precision": 0.009433962264150943,
      "recall": 0.034482758620689655,
      "f1-score": 0.014814814814814815,
      "support": 29.0
    },
    "accuracy": 0.8721153846153846,
    "macro avg": {
      "precision": 0.4897276877701911,
      "recall": 0.4653125959275555,
      "f1-score": 0.47321717604493957,
      "support": 1040.0
    },
    "weighted avg": {
      "precision": 0.9432358016614714,
      "recall": 0.8721153846153846,
      "f1-score": 0.9060547902064612,
      "support": 1040.0
    }
  },
  "threshold": 0.060000000000000005
}